matrix_size,execution_time,iteration
100,0.000821,1
100,0.000746,2
200,0.009140,1
200,0.007473,2
400,0.059937,1
400,0.059204,2
500,0.118919,1
500,0.119992,2
